GEN_BUS,PG,QG,QMAX,QMIN,VG,MBASE,GEN_STATUS,PMAX,PMIN,PC1,PC2,QC1MIN,QC1MAX,QC2MIN,QC2MAX,RAMP_AGC,RAMP_10,RAMP_30,RAMP_Q,APF,MU_PMAX,MU_PMIN,MU_QMAX,MU_QMIN
1004,158.25,-30.363649,44.94,-30.38,1.06831454,253.2,1,158.25,158.25,0,0,0,0,0,0,0,0,0,0,211,17.0916316,0,0,0
1006,25.73,-4.93998542,7.31,-4.94,1.05630575,41.16,1,25.73,25.73,0,0,0,0,0,0,0,0,0,0,34.3,17.6233738,0,0,0.046993351
1009,61.87,-11.8799973,17.57,-11.88,1.04959682,99,1,61.87,61.87,0,0,0,0,0,0,0,0,0,0,82.5,16.7737163,0,0,0.250877058
1011,9.99999996,0,0,0,1.07988764,12,1,10,3,0,0,0,0,0,0,0,0,0,0,10,17.715945,0,0,0.339241214
1021,149.63,-28.7299761,42.49,-28.73,1.04478669,239.4,1,149.63,149.63,0,0,0,0,0,0,0,0,0,0,199.5,17.3466353,0,0,0.0288373571
1023,135,17.0166927,38.34,-25.92,1.0857248,216,1,135,135,0,0,0,0,0,0,0,0,0,0,180,16.6459677,0,0,0
1026,93.15,-6.53158437,26.45,-17.88,1.0463825,149.04,1,93.15,93.15,0,0,0,0,0,0,0,0,0,0,124.2,17.2659516,0,0,0
1033,208.5,-40.0299987,59.21,-40.03,1.07945395,333.6,1,208.5,208.5,0,0,0,0,0,0,0,0,0,0,278,17.8979218,0,0,0.539768616
1035,67.5,-11.2369241,19.17,-12.96,1.05156127,108,1,67.5,67.5,0,0,0,0,0,0,0,0,0,0,90,17.4840858,0,0,0
1039,110.63,-21.2399957,31.42,-21.24,1.04247505,177,1,110.63,110.63,0,0,0,0,0,0,0,0,0,0,147.5,16.7981375,0,0,0.160867837
1042,0,0,25.96,-17.55,1,146.28,0,121.9,36.57,0,0,0,0,0,0,0,0,0,0,121.9,0,0,0,0
1043,44.1,-2.13363856,12.52,-8.47,1.05714148,70.56,1,44.1,44.1,0,0,0,0,0,0,0,0,0,0,58.8,17.5696282,0,0,0
1048,0,0,165.53,-36.1,1,390.24,0,325.2,97.56,0,0,0,0,0,0,0,0,0,0,325.2,0,0,0,0
1049,0,0,165.53,-36.1,1,390.24,0,325.2,97.56,0,0,0,0,0,0,0,0,0,0,325.2,0,0,0,0
1050,82.7035413,-9.9199939,45.5,-9.92,1.04431175,107.28,1,89.4,26.82,0,0,0,0,0,0,0,0,0,0,89.4,0,0,0,0.112343063
1051,65.3279345,-9.91999329,45.5,-9.92,1.04243062,107.28,1,89.4,26.82,0,0,0,0,0,0,0,0,0,0,89.4,0,0,0,0.102031062
1052,76.9303985,-9.91999382,45.5,-9.92,1.04735412,107.28,1,89.4,26.82,0,0,0,0,0,0,0,0,0,0,89.4,0,0,0,0.110727729
1053,0,0,91.01,-19.85,1,214.56,0,178.8,53.64,0,0,0,0,0,0,0,0,0,0,178.8,0,0,0,0
1057,0,0,25.56,-17.28,1,144,0,120,36,0,0,0,0,0,0,0,0,0,0,120,0,0,0,0
1059,0,0,2.85,-0.62,1.04,6.72,0,5.6,1.68,0,0,0,0,0,0,0,0,0,0,5.6,0,0,0,0
1060,0,0,1.02,-0.22,1.04,2.4,0,2,0.6,0,0,0,0,0,0,0,0,0,0,2,0,0,0,0
1062,0,0,0,0,1.01,1.8,0,1.5,0.45,0,0,0,0,0,0,0,0,0,0,1.5,0,0,0,0
1063,0,0,0,0,1.01,276,0,230,69,0,0,0,0,0,0,0,0,0,0,230,0,0,0,0
1066,106.88,-1.50152421,30.35,-20.52,1.05974063,171,1,106.88,106.88,0,0,0,0,0,0,0,0,0,0,142.5,17.4331723,0,0,0
1070,120.38,-23.1099975,34.19,-23.11,1.04338202,192.6,1,120.38,120.38,0,0,0,0,0,0,0,0,0,0,160.5,16.7326716,0,0,0.275615279
1072,124.647376,-12.0367759,97.8,-21.33,1.0289717,230.56,1,192.13,57.64,0,0,0,0,0,0,0,0,0,0,192.13,0,0,0,0
1073,128.034327,-3.83986372,97.8,-21.33,1.02323222,230.56,1,192.13,57.64,0,0,0,0,0,0,0,0,0,0,192.13,0,0,0,0
1074,119.791895,-5.76468348,97.8,-21.33,1.02727238,230.56,1,192.13,57.64,0,0,0,0,0,0,0,0,0,0,192.13,0,0,0,0
1075,144.561845,-14.6890456,97.8,-21.33,1.01898284,230.56,1,192.13,57.64,0,0,0,0,0,0,0,0,0,0,192.13,0,0,0,0
1076,0,0,97.8,-21.33,1.01,230.56,0,192.13,57.64,0,0,0,0,0,0,0,0,0,0,192.13,0,0,0,0
1077,0,0,97.8,-21.33,1.01,230.56,0,192.13,57.64,0,0,0,0,0,0,0,0,0,0,192.13,0,0,0,0
1078,95.4999988,-7.38851217,48.61,-10.6,1.01313249,114.6,1,95.5,28.65,0,0,0,0,0,0,0,0,0,0,95.5,0.590174611,0,0,0
1079,95.4999992,33.4598325,48.61,-10.6,1.08407226,114.6,1,95.5,28.65,0,0,0,0,0,0,0,0,0,0,95.5,0.899953599,0,0,0
1080,95.4999982,6.04331265,48.61,-10.6,1.04407188,114.6,1,95.5,28.65,0,0,0,0,0,0,0,0,0,0,95.5,0.379789877,0,0,0
1081,0,0,145.83,-31.8,1.01,343.8,0,286.5,85.95,0,0,0,0,0,0,0,0,0,0,286.5,0,0,0,0
1082,112.5,-21.5999958,31.95,-21.6,1.06157813,180,1,112.5,112.5,0,0,0,0,0,0,0,0,0,0,150,16.593118,0,0,0.163684657
1084,86.62,-16.6299832,24.6,-16.63,1.057356,138.6,1,86.62,86.62,0,0,0,0,0,0,0,0,0,0,115.5,17.5981889,0,0,0.0412155277
1088,56.25,-10.7999964,15.97,-10.8,1.03912283,90,1,56.25,56.25,0,0,0,0,0,0,0,0,0,0,75,17.5842194,0,0,0.187908683
1090,114.37,7.54571615,32.48,-21.96,1.0506217,183,1,114.37,114.37,0,0,0,0,0,0,0,0,0,0,152.5,17.7753935,0,0,0
1090,27,1.31343506,7.67,-5.18,1.0506217,43.2,1,27,27,0,0,0,0,0,0,0,0,0,0,36,17.7753935,0,0,0
2004,0,0,199.43,-43.49,1.02,470.16,0,391.8,117.54,0,0,0,0,0,0,0,0,0,0,391.8,0,0,0,0
2005,0,0,199.43,-43.49,1.02,470.16,0,391.8,117.54,0,0,0,0,0,0,0,0,0,0,391.8,0,0,0,0
2006,0,0,199.43,-43.49,1.02,470.16,0,391.8,117.54,0,0,0,0,0,0,0,0,0,0,391.8,0,0,0,0
2013,150.45,-28.8899995,42.73,-28.89,1.09220119,240.72,1,150.45,150.45,0,0,0,0,0,0,0,0,0,0,200.6,16.643244,0,0,1.4600122
2019,0,0,46.43,-31.39,1.04,261.6,0,218,65.4,0,0,0,0,0,0,0,0,0,0,218,0,0,0,0
2023,83.3299997,8.92575534,42.42,-9.25,1.08934348,100,1,83.33,25,0,0,0,0,0,0,0,0,0,0,83.33,2.09791125,0,0,0
2024,166.67,16.0906112,84.83,-18.5,1.08995027,200,1,166.67,50,0,0,0,0,0,0,0,0,0,0,166.67,1.52134616,0,0,0
2042,59.7,-11.4599994,16.95,-11.46,1.08388102,95.52,1,59.7,59.7,0,0,0,0,0,0,0,0,0,0,79.6,16.4880032,0,0,1.20827292
2056,0,0,2.8,-0.73,0.99,7.2,0,6,1.8,0,0,0,0,0,0,0,0,0,0,6,0,0,0,0
2057,485.37695,-87.8399982,335.52,-87.84,1.04912335,864,1,720,216,0,0,0,0,0,0,0,0,0,0,720,0,0,0,0.375692083
2059,60,-11.5199994,17.04,-11.52,1.08290929,96,1,60,60,0,0,0,0,0,0,0,0,0,0,80,16.4107178,0,0,1.15979963
2062,101.55,-19.4999985,28.84,-19.5,1.08220826,162.48,1,101.55,101.55,0,0,0,0,0,0,0,0,0,0,135.4,18.5044718,0,0,0.509610679
2071,112.5,-21.5999953,31.95,-21.6,1.04048149,180,1,112.5,112.5,0,0,0,0,0,0,0,0,0,0,150,18.8950854,0,0,0.147415481
2076,22.5,-4.31999561,6.39,-4.32,1.08493982,36,1,22.5,22.5,0,0,0,0,0,0,0,0,0,0,30,17.5925165,0,0,0.171049582
2078,84.38,-16.1999982,23.96,-16.2,1.07956565,135,1,84.38,84.38,0,0,0,0,0,0,0,0,0,0,112.5,19.7676785,0,0,0.380680177
2083,19.9999998,-2.21999843,10.18,-2.22,1.06465086,24,1,20,6,0,0,0,0,0,0,0,0,0,0,20,3.16001366,0,0,0.44158201
2084,0,0,10.18,-2.22,1.02,24,0,20,6,0,0,0,0,0,0,0,0,0,0,20,0,0,0,0
2085,0,0,20.36,-4.44,1.02,48,0,40,12,0,0,0,0,0,0,0,0,0,0,40,0,0,0,0
2089,50.7,-9.72999575,14.4,-9.73,1.04012217,81.12,1,50.7,50.7,0,0,0,0,0,0,0,0,0,0,67.6,18.9191681,0,0,0.162027833
2094,0,0,2.13,-1.44,1,12,0,10,3,0,0,0,0,0,0,0,0,0,0,10,0,0,0,0
2095,0,0,16.93,-11.45,1,95.4,0,79.5,23.85,0,0,0,0,0,0,0,0,0,0,79.5,0,0,0,0
2099,7.5,-1.43999898,2.13,-1.44,1.08603763,12,1,7.5,7.5,0,0,0,0,0,0,0,0,0,0,10,16.8733293,0,0,0.670905062
2100,112.5,-21.599999,31.95,-21.6,1.07787102,180,1,112.5,112.5,0,0,0,0,0,0,0,0,0,0,150,16.9015222,0,0,0.677615438
2103,0,0,136.28,-29.72,1,321.28,0,267.73,80.32,0,0,0,0,0,0,0,0,0,0,267.73,0,0,0,0
2104,0,0,136.28,-29.72,1,321.28,0,267.73,80.32,0,0,0,0,0,0,0,0,0,0,267.73,0,0,0,0
2105,0,0,136.28,-29.72,1,321.28,0,267.73,80.32,0,0,0,0,0,0,0,0,0,0,267.73,0,0,0,0
2115,184.719999,15.2042337,94.02,-20.5,1.09170924,221.66,1,184.72,55.41,0,0,0,0,0,0,0,0,0,0,184.72,1.3410625,0,0,0
2116,184.719999,17.5553569,94.02,-20.5,1.09014888,221.66,1,184.72,55.41,0,0,0,0,0,0,0,0,0,0,184.72,1.3709934,0,0,0
2117,184.719999,20.2370831,94.02,-20.5,1.09335992,221.66,1,184.72,55.41,0,0,0,0,0,0,0,0,0,0,184.72,1.36140028,0,0,0
2118,184.719999,19.1767621,94.02,-20.5,1.09353398,221.66,1,184.72,55.41,0,0,0,0,0,0,0,0,0,0,184.72,1.34883108,0,0,0
2119,184.719999,16.3859228,94.02,-20.5,1.09045102,221.66,1,184.72,55.41,0,0,0,0,0,0,0,0,0,0,184.72,1.36679464,0,0,0
2120,184.719999,18.1942526,94.02,-20.5,1.09311852,221.66,1,184.72,55.41,0,0,0,0,0,0,0,0,0,0,184.72,1.34524441,0,0,0
2123,136.28,-26.1599994,38.7,-26.16,1.09225578,218.04,1,136.28,136.28,0,0,0,0,0,0,0,0,0,0,181.7,16.3733806,0,0,1.17085232
2127,216.45,-41.5599992,61.47,-41.56,1.09958582,346.32,1,216.45,216.45,0,0,0,0,0,0,0,0,0,0,288.6,16.6232629,0,0,0.88305867
3004,28.13,-5.39985959,7.99,-5.4,1.07343099,45,1,28.13,28.13,0,0,0,0,0,0,0,0,0,0,37.5,17.2068093,0,0,0.0046845521
3017,127.13,-24.4099625,36.1,-24.41,1.04353503,203.4,1,127.13,127.13,0,0,0,0,0,0,0,0,0,0,169.5,17.4788919,0,0,0.0208600792
3020,112.5,-21.5999993,31.95,-21.6,1.06507637,180,1,112.5,112.5,0,0,0,0,0,0,0,0,0,0,150,18.2897843,0,0,0.996073946
3028,150,-28.7999795,42.6,-28.8,1.05939981,240,1,150,150,0,0,0,0,0,0,0,0,0,0,200,18.5807241,0,0,0.0333693057
3034,97.87,10.4349661,27.8,-18.79,1.09999998,156.6,1,97.87,97.87,0,0,0,0,0,0,0,0,0,0,130.5,16.6204091,0,0,0
3039,156.75,16.483801,44.52,-30.1,1.08157646,250.8,1,156.75,156.75,0,0,0,0,0,0,0,0,0,0,209,17.7823876,0,0,0
3043,0,0,0.66,-0.14,1.04,1.56,0,1.3,0.39,0,0,0,0,0,0,0,0,0,0,1.3,0,0,0,0
3044,0,0,45.5,-9.92,1.04,107.28,0,89.4,26.82,0,0,0,0,0,0,0,0,0,0,89.4,0,0,0,0
3045,0,0,227.52,-49.62,1.04,536.4,0,447,134.1,0,0,0,0,0,0,0,0,0,0,447,0,0,0,0
3048,180.75,-34.6998579,51.33,-34.7,1.08179739,289.2,1,180.75,180.75,0,0,0,0,0,0,0,0,0,0,241,18.7261762,0,0,0.00477880385
3055,183.88,-30.9813198,52.22,-35.3,1.05775253,294.2,1,183.88,183.88,0,0,0,0,0,0,0,0,0,0,245.17,18.0321177,0,0,0
3056,183.88,-9.56280581,52.22,-35.3,1.05879252,294.2,1,183.88,183.88,0,0,0,0,0,0,0,0,0,0,245.17,18.0124093,0,0,0
3057,183.88,-1.0980303,52.22,-35.3,1.06446489,294.2,1,183.88,183.88,0,0,0,0,0,0,0,0,0,0,245.17,17.9818162,0,0,0
3060,124.22,-23.8499915,35.28,-23.85,1.02927429,198.75,1,124.22,124.22,0,0,0,0,0,0,0,0,0,0,165.63,17.8373797,0,0,0.0813684611
3061,124.22,-23.8499924,35.28,-23.85,1.04066517,198.75,1,124.22,124.22,0,0,0,0,0,0,0,0,0,0,165.63,17.8617622,0,0,0.0909484938
3062,124.22,-23.8499926,35.28,-23.85,1.05314749,198.75,1,124.22,124.22,0,0,0,0,0,0,0,0,0,0,165.63,17.8605116,0,0,0.092396921
3063,124.22,-23.8499922,35.28,-23.85,1.0485158,198.75,1,124.22,124.22,0,0,0,0,0,0,0,0,0,0,165.63,17.8462594,0,0,0.0879061081
3065,60.37,-11.5899942,17.15,-11.59,1.06652366,96.6,1,60.37,60.37,0,0,0,0,0,0,0,0,0,0,80.5,17.4024302,0,0,0.115089345
3068,112.5,6.00202301,31.95,-21.6,1.08664443,180,1,112.5,112.5,0,0,0,0,0,0,0,0,0,0,150,17.1739334,0,0,0
3071,127.65,5.90484413,36.25,-24.51,1.0832582,204.24,1,127.65,127.65,0,0,0,0,0,0,0,0,0,0,170.2,17.1149418,0,0,0
3074,74.85,-14.3699935,21.26,-14.37,1.06123159,119.76,1,74.85,74.85,0,0,0,0,0,0,0,0,0,0,99.8,19.0790121,0,0,0.134909946
3081,186.75,19.5890107,53.04,-35.86,1.08360173,298.8,1,186.75,186.75,0,0,0,0,0,0,0,0,0,0,249,17.7038737,0,0,0
3084,174.37,34.2281741,49.52,-33.48,1.09139415,279,1,174.37,174.37,0,0,0,0,0,0,0,0,0,0,232.5,18.0195858,0,0,0
3086,56.25,8.50973846,15.97,-10.8,1.09442069,90,1,56.25,56.25,0,0,0,0,0,0,0,0,0,0,75,17.2744846,0,0,0
3087,0,0,15.97,-10.8,1,90,0,75,22.5,0,0,0,0,0,0,0,0,0,0,75,0,0,0,0
3092,150,-28.7999563,42.6,-28.8,1.04582399,240,1,150,150,0,0,0,0,0,0,0,0,0,0,200,18.3373803,0,0,0.0156687651
3095,90.45,24.1062209,25.69,-17.37,1.09999992,144.72,1,90.45,90.45,0,0,0,0,0,0,0,0,0,0,120.6,17.5187619,0,0,0
3098,120,-23.0399955,34.08,-23.04,1.03130593,192,1,120,120,0,0,0,0,0,0,0,0,0,0,160,17.0272551,0,0,0.154877116
3105,44.5,-0.739995339,17.07,-0.74,1.0715926,18,1,44.5,44.5,0,0,0,0,0,0,0,0,0,0,15,18.3585205,0,0,0.16293945
3106,53.02,-2.68999517,62.48,-2.69,1.06545693,65.88,1,53.02,53.02,0,0,0,0,0,0,0,0,0,0,54.9,18.3808325,0,0,0.160878862
3110,63,-12.0999862,17.89,-12.1,1.03165065,100.8,1,63,63,0,0,0,0,0,0,0,0,0,0,84,16.9096289,0,0,0.0505824882
3112,56.1,1.13863864,15.93,-10.77,1.06556572,89.76,1,56.1,56.1,0,0,0,0,0,0,0,0,0,0,74.8,17.3833419,0,0,0
3113,56.1,-0.89018785,15.93,-10.77,1.05893525,89.76,1,56.1,56.1,0,0,0,0,0,0,0,0,0,0,74.8,17.4358341,0,0,0
3117,47.25,4.60707439,13.42,-9.07,1.09999988,75.6,1,47.25,47.25,0,0,0,0,0,0,0,0,0,0,63,16.8164432,0,0,0
3118,90,5.26738139,25.56,-17.28,1.09999993,144,1,90,90,0,0,0,0,0,0,0,0,0,0,120,16.7616614,0,0,0
3120,29.7,0,0,0,1.09647606,47.52,1,29.7,29.7,0,0,0,0,0,0,0,0,0,0,39.6,18.8465218,0,0,0.412725272
3122,147.75,3.54854345,41.96,-28.37,1.09427948,236.4,1,147.75,147.75,0,0,0,0,0,0,0,0,0,0,197,16.8738536,0,0,0
3127,101.25,-13.3846725,28.76,-19.44,1.0843771,162,1,101.25,101.25,0,0,0,0,0,0,0,0,0,0,135,17.0715366,0,0,0
3129,94.88,-18.2199944,26.94,-18.22,1.09999991,151.8,1,94.88,94.88,0,0,0,0,0,0,0,0,0,0,126.5,17.1982257,0,0,0.12314226
3131,85.5,-9.24855265,24.28,-16.42,1.07213959,136.8,1,85.5,85.5,0,0,0,0,0,0,0,0,0,0,114,17.3852998,0,0,0
3133,0,0,26.11,-5.69,1.04,61.56,0,51.3,15.39,0,0,0,0,0,0,0,0,0,0,51.3,0,0,0,0
3133,0,0,26.11,-5.69,1.04,61.56,0,51.3,15.39,0,0,0,0,0,0,0,0,0,0,51.3,0,0,0,0
3133,0,0,26.11,-5.69,1.04,61.56,0,51.3,15.39,0,0,0,0,0,0,0,0,0,0,51.3,0,0,0,0
3137,75.9,-11.1759878,21.56,-14.57,1.06798006,121.44,1,75.9,75.9,0,0,0,0,0,0,0,0,0,0,101.2,17.7055759,0,0,0
3141,68.62,-13.1799607,19.49,-13.18,1.08112533,109.8,1,68.62,68.62,0,0,0,0,0,0,0,0,0,0,91.5,17.2023496,0,0,0.0170421674
4010,151.2,9.05799264,42.94,-29.03,1.09415523,241.92,1,151.2,151.2,0,0,0,0,0,0,0,0,0,0,201.6,18.0507225,0,0,0
4026,294.23849,-50.0198616,191.06,-50.02,1.04949865,492,1,410,123,0,0,0,0,0,0,0,0,0,0,410,0,0,0,0.00525901994
4030,229.812986,-75.9299877,290.04,-75.93,1.0665259,746.88,1,622.4,186.72,0,0,0,0,0,0,0,0,0,0,622.4,0,0,0,0.0536899435
4045,93.4,-1.5399814,35.86,-1.54,1.04888321,37.8,1,93.4,93.4,0,0,0,0,0,0,0,0,0,0,31.5,18.8130515,0,0,0.0371905392
4046,28.5,-0.469985657,10.94,-0.47,1.05658012,11.52,1,28.5,28.5,0,0,0,0,0,0,0,0,0,0,9.6,18.8554319,0,0,0.0480708534
4047,27.48,-3.2299849,75.1,-3.23,1.05632736,79.2,1,27.48,27.48,0,0,0,0,0,0,0,0,0,0,66,18.8640855,0,0,0.0457301167
4050,150,-25.553776,42.6,-28.8,1.05265681,240,1,150,150,0,0,0,0,0,0,0,0,0,0,200,18.7746172,0,0,0
4052,44.1999996,22.4999827,22.5,-4.91,1.09442162,53.04,1,44.2,13.26,0,0,0,0,0,0,0,0,0,0,44.2,1.94279338,0,0.0404821808,0
4058,143.999997,22.9314137,73.3,-15.98,1.09999998,172.8,1,144,43.2,0,0,0,0,0,0,0,0,0,0,144,0.269766404,0,0,0
4059,143.999997,23.6127807,73.3,-15.98,1.09999998,172.8,1,144,43.2,0,0,0,0,0,0,0,0,0,0,144,0.243907467,0,0,0
4060,143.999997,18.3548036,73.3,-15.98,1.09999997,172.8,1,144,43.2,0,0,0,0,0,0,0,0,0,0,144,0.235819628,0,0,0
4061,172.329988,24.2420463,87.72,-19.13,1.09999998,206.8,1,172.33,51.7,0,0,0,0,0,0,0,0,0,0,172.33,0.05811421,0,0,0
4062,167.538157,18.9423133,87.72,-19.13,1.09999998,206.8,1,172.33,51.7,0,0,0,0,0,0,0,0,0,0,172.33,0,0,0,0
4063,172.329993,26.1953443,87.72,-19.13,1.09999998,206.8,1,172.33,51.7,0,0,0,0,0,0,0,0,0,0,172.33,0.0946246419,0,0,0
4065,46.9999995,10.409895,23.92,-5.22,1.08567688,56.4,1,47,14.1,0,0,0,0,0,0,0,0,0,0,47,1.33059632,0,0,0
4075,0,0,89.75,-19.57,1.03,211.6,0,176.33,52.9,0,0,0,0,0,0,0,0,0,0,176.33,0,0,0,0
4076,52.9000001,-19.5699979,89.75,-19.57,1.06507373,211.6,1,176.33,52.9,0,0,0,0,0,0,0,0,0,0,176.33,0,10.0001759,0,0.335035844
4077,52.9000001,-19.569998,89.75,-19.57,1.06334487,211.6,1,176.33,52.9,0,0,0,0,0,0,0,0,0,0,176.33,0,9.99488812,0,0.337149245
4082,215.725933,23.8295564,123.89,-27.02,1.09056801,292.08,1,243.4,73.02,0,0,0,0,0,0,0,0,0,0,243.4,0,0,0,0
4083,218.556826,23.089661,123.89,-27.02,1.08980984,292.08,1,243.4,73.02,0,0,0,0,0,0,0,0,0,0,243.4,0,0,0,0
4084,241.45287,24.4619785,123.89,-27.02,1.08684959,292.08,1,243.4,73.02,0,0,0,0,0,0,0,0,0,0,243.4,0,0,0,0
4085,105.600003,10.6072767,179.17,-39.07,1.08418498,422.4,1,352,105.6,0,0,0,0,0,0,0,0,0,0,352,0,0.242780716,0,0
4090,0,0,0.65,-0.17,1.01,1.68,0,1.4,0.42,0,0,0,0,0,0,0,0,0,0,1.4,0,0,0,0
4091,23.4999996,-2.86999549,10.95,-2.87,1.04932436,28.2,1,23.5,7.05,0,0,0,0,0,0,0,0,0,0,23.5,1.9475714,0,0,0.152693893
4092,0,0,3.54,-0.93,1.01,9.12,0,7.6,2.28,0,0,0,0,0,0,0,0,0,0,7.6,0,0,0,0
4093,27.9999996,-3.41999487,13.05,-3.42,1.04861025,33.6,1,28,8.4,0,0,0,0,0,0,0,0,0,0,28,1.83295463,0,0,0.134328429
4094,27.9999996,-3.41999553,13.05,-3.42,1.05215909,33.6,1,28,8.4,0,0,0,0,0,0,0,0,0,0,28,1.93541275,0,0,0.153975838
4095,27.9999996,-3.41999528,13.05,-3.42,1.04959246,33.6,1,28,8.4,0,0,0,0,0,0,0,0,0,0,28,1.89080522,0,0,0.145971786
4096,0,0,13.05,-3.42,1.01,33.6,0,28,8.4,0,0,0,0,0,0,0,0,0,0,28,0,0,0,0
4097,27.9999996,-3.41999519,13.05,-3.42,1.04885199,33.6,1,28,8.4,0,0,0,0,0,0,0,0,0,0,28,1.87749759,0,0,0.143216012
4098,0,0,13.05,-3.42,1.01,33.6,0,28,8.4,0,0,0,0,0,0,0,0,0,0,28,0,0,0,0
4105,135,33.0050734,38.34,-25.92,1.08567783,216,1,135,135,0,0,0,0,0,0,0,0,0,0,180,18.0741361,0,0,0
4115,39.5400001,-14.629997,67.09,-14.63,1.05893605,158.16,1,131.8,39.54,0,0,0,0,0,0,0,0,0,0,131.8,0,9.62092998,0,0.225226696
4116,39.5400001,-14.6299969,67.09,-14.63,1.05875205,158.16,1,131.8,39.54,0,0,0,0,0,0,0,0,0,0,131.8,0,9.62876979,0,0.222138927
4133,0,0,17.1,-3.73,1,40.32,0,33.6,10.08,0,0,0,0,0,0,0,0,0,0,33.6,0,0,0,0
4134,10.0800001,-3.72999651,17.1,-3.73,1.08590503,40.32,1,33.6,10.08,0,0,0,0,0,0,0,0,0,0,33.6,0,9.1792336,0,0.196192075
4135,10.0800001,-3.72999648,17.1,-3.73,1.08627182,40.32,1,33.6,10.08,0,0,0,0,0,0,0,0,0,0,33.6,0,9.18320027,0,0.194670744
4136,10.0800001,-3.72999649,17.1,-3.73,1.08469782,40.32,1,33.6,10.08,0,0,0,0,0,0,0,0,0,0,33.6,0,9.18176721,0,0.195203697
4137,0,0,34.2,-7.46,1,80.64,0,67.2,20.16,0,0,0,0,0,0,0,0,0,0,67.2,0,0,0,0
4138,0,0,33.59,-7.33,1,79.2,0,66,19.8,0,0,0,0,0,0,0,0,0,0,66,0,0,0,0
4142,141,-27.0699829,40.04,-27.07,1.07349543,225.6,1,141,141,0,0,0,0,0,0,0,0,0,0,188,18.4678243,0,0,0.0401016766
4153,212.4,-40.7799822,60.32,-40.78,1.06989837,339.84,1,212.4,212.4,0,0,0,0,0,0,0,0,0,0,283.2,18.5030309,0,0,0.0385172665
4160,197.769991,77.7492515,100.66,-21.95,1.09999999,237.32,1,197.77,59.33,0,0,0,0,0,0,0,0,0,0,197.77,0.0762724417,0,0,0
4161,197.769987,38.6994231,100.66,-21.95,1.09999999,237.32,1,197.77,59.33,0,0,0,0,0,0,0,0,0,0,197.77,0.0537235512,0,0,0
4162,190.914267,34.3719354,100.66,-21.95,1.09999999,237.32,1,197.77,59.33,0,0,0,0,0,0,0,0,0,0,197.77,0,0,0,0
4163,0,0,4.58,-1,1.03,10.8,0,9,2.7,0,0,0,0,0,0,0,0,0,0,9,0,0,0,0
4166,150.75,10.9143319,42.81,-28.94,1.09725124,241.2,1,150.75,150.75,0,0,0,0,0,0,0,0,0,0,201,18.0254575,0,0,0
4177,112.5,-13.8388565,31.95,-21.6,1.07037536,180,1,112.5,112.5,0,0,0,0,0,0,0,0,0,0,150,18.4325737,0,0,0
4181,150.07,42.6196633,42.62,-28.81,1.08849632,240.12,1,150.07,150.07,0,0,0,0,0,0,0,0,0,0,200.1,17.9243756,0,0.00448551705,0
4183,152.25,27.2459902,43.24,-29.23,1.07224691,243.6,1,152.25,152.25,0,0,0,0,0,0,0,0,0,0,203,18.4338158,0,0,0
4192,74.9999995,11.5860926,38.17,-8.33,1.07396205,90,1,75,22.5,0,0,0,0,0,0,0,0,0,0,75,1.2915937,0,0,0
4192,183.769999,17.1822146,93.54,-20.4,1.07396205,220.52,1,183.77,55.13,0,0,0,0,0,0,0,0,0,0,183.77,0.548053697,0,0,0
4192,0,0,12.22,-2.66,1.02,28.8,0,24,7.2,0,0,0,0,0,0,0,0,0,0,24,0,0,0,0
4192,60.9999995,10.0329572,31.05,-6.77,1.07396205,73.2,1,61,18.3,0,0,0,0,0,0,0,0,0,0,61,1.38759371,0,0,0
4192,10.3999996,2.09700289,5.29,-1.15,1.07396205,12.48,1,10.4,3.12,0,0,0,0,0,0,0,0,0,0,10.4,1.73379378,0,0,0
4192,256.296815,16.2378686,135.9,-29.64,1.07396205,320.4,1,267,80.1,0,0,0,0,0,0,0,0,0,0,267,0,0,0,0
4192,256.296815,16.2378686,135.9,-29.64,1.07396205,320.4,1,267,80.1,0,0,0,0,0,0,0,0,0,0,267,0,0,0,0
4192,256.296815,16.2378686,135.9,-29.64,1.07396205,320.4,1,267,80.1,0,0,0,0,0,0,0,0,0,0,267,0,0,0,0
4192,183.769999,17.1822146,93.54,-20.4,1.07396205,220.52,1,183.77,55.13,0,0,0,0,0,0,0,0,0,0,183.77,0.548053697,0,0,0
4192,183.769999,17.1822146,93.54,-20.4,1.07396205,220.52,1,183.77,55.13,0,0,0,0,0,0,0,0,0,0,183.77,0.548053697,0,0,0
4194,151.2,6.79696793,42.94,-29.03,1.05584465,241.92,1,151.2,151.2,0,0,0,0,0,0,0,0,0,0,201.6,18.9416555,0,0,0
4195,69,-13.2499947,19.6,-13.25,1.08567693,110.4,1,69,69,0,0,0,0,0,0,0,0,0,0,92,18.9592709,0,0,0.12921103
5020,90,-17.2799937,25.56,-17.28,1.06252289,144,1,90,90,0,0,0,0,0,0,0,0,0,0,120,19.1633392,0,0,0.108751514
5023,0,0,2.44,-0.53,1.04,5.76,0,4.8,1.44,0,0,0,0,0,0,0,0,0,0,4.8,0,0,0,0
5035,0,0,2.14,-0.47,1.02,5.04,0,4.2,1.26,0,0,0,0,0,0,0,0,0,0,4.2,0,0,0,0
5036,0,0,3.26,-0.71,1.02,7.68,0,6.4,1.92,0,0,0,0,0,0,0,0,0,0,6.4,0,0,0,0
5037,308.47,-34.2398657,157.01,-34.24,1.05468208,370.16,1,308.47,92.54,0,0,0,0,0,0,0,0,0,0,308.47,2.57928806,0,0,0.00513356468
5038,308.47,-34.2398732,157.01,-34.24,1.05445713,370.16,1,308.47,92.54,0,0,0,0,0,0,0,0,0,0,308.47,2.5814879,0,0,0.00543783835
5039,308.47,-34.2398919,157.01,-34.24,1.05711278,370.16,1,308.47,92.54,0,0,0,0,0,0,0,0,0,0,308.47,2.5867288,0,0,0.00637311568
5040,308.47,-34.2396833,157.01,-34.24,1.05325839,370.16,1,308.47,92.54,0,0,0,0,0,0,0,0,0,0,308.47,2.56182628,0,0,0.00219117163
5041,308.47,-34.2398367,157.01,-34.24,1.05516973,370.16,1,308.47,92.54,0,0,0,0,0,0,0,0,0,0,308.47,2.57271101,0,0,0.00422550749
5042,308.47,-34.2398725,157.01,-34.24,1.05406814,370.16,1,308.47,92.54,0,0,0,0,0,0,0,0,0,0,308.47,2.58151248,0,0,0.00540638932
5051,84.6999997,-9.39996077,43.11,-9.4,1.0685999,101.64,1,84.7,25.41,0,0,0,0,0,0,0,0,0,0,84.7,2.49502124,0,0,0.0176043377
5057,0,0,161.53,-35.23,1,380.82,0,317.35,95.2,0,0,0,0,0,0,0,0,0,0,317.35,0,0,0,0
5058,317.349999,-35.2299906,161.53,-35.23,1.05909465,380.82,1,317.35,95.2,0,0,0,0,0,0,0,0,0,0,317.35,1.11919349,0,0,0.0726616852
5065,10.5999998,5.39980242,5.4,-1.18,1.06718217,12.72,1,10.6,3.18,0,0,0,0,0,0,0,0,0,0,10.6,3.66907141,0,0.00348415245,0
5066,0,0,0.92,-0.2,1.03,2.16,0,1.8,0.54,0,0,0,0,0,0,0,0,0,0,1.8,0,0,0,0
5067,438.269999,123.135615,223.08,-48.65,1.0781154,525.92,1,438.27,131.48,0,0,0,0,0,0,0,0,0,0,438.27,0.799991582,0,0,0
5068,438.269999,86.8086934,223.08,-48.65,1.07509883,525.92,1,438.27,131.48,0,0,0,0,0,0,0,0,0,0,438.27,0.790917297,0,0,0
5069,438.269999,75.0802105,223.08,-48.65,1.07440633,525.92,1,438.27,131.48,0,0,0,0,0,0,0,0,0,0,438.27,0.784874748,0,0,0
5089,0,0,47.57,-2.05,1.01,50.16,0,123.9,0,0,0,0,0,0,0,0,0,0,0,41.8,0,0,0,0
5106,0,0,5.03,-1.32,1.04,12.96,0,10.8,3.24,0,0,0,0,0,0,0,0,0,0,10.8,0,0,0,0
5107,0,0,2.66,-0.7,1.04,6.84,0,5.7,1.71,0,0,0,0,0,0,0,0,0,0,5.7,0,0,0,0
5166,126.5,51.8125645,64.39,-14.04,1.07675927,151.8,1,126.5,37.95,0,0,0,0,0,0,0,0,0,0,126.5,2.85574343,0,0,0
5167,1.59999981,0.809894451,0.81,-0.18,1.06436461,1.92,1,1.6,0.48,0,0,0,0,0,0,0,0,0,0,1.6,3.70729609,0,0.00657198743,0
5170,45,-8.63999921,12.78,-8.64,1.08537663,72,1,45,45,0,0,0,0,0,0,0,0,0,0,60,19.2128376,0,0,0.854885494
5198,112.5,-21.5999862,31.95,-21.6,1.06310348,180,1,112.5,112.5,0,0,0,0,0,0,0,0,0,0,150,19.2621013,0,0,0.0497540199
5206,248.67,-27.5998683,126.57,-27.6,1.05883043,298.4,1,248.67,74.6,0,0,0,0,0,0,0,0,0,0,248.67,1.76597851,0,0,0.00517071747
5207,248.67,-27.5999111,126.57,-27.6,1.0615569,298.4,1,248.67,74.6,0,0,0,0,0,0,0,0,0,0,248.67,1.78031689,0,0,0.00767755864
5208,248.67,-27.5999058,126.57,-27.6,1.06073794,298.4,1,248.67,74.6,0,0,0,0,0,0,0,0,0,0,248.67,1.7778354,0,0,0.00724536964
5238,168.75,-32.3999959,47.93,-32.4,1.06469968,270,1,168.75,168.75,0,0,0,0,0,0,0,0,0,0,225,19.1245679,0,0,0.166951868
5243,112.5,-21.5999614,31.95,-21.6,1.0803314,180,1,112.5,112.5,0,0,0,0,0,0,0,0,0,0,150,19.01557,0,0,0.0182235522
5262,1215,122.527495,447.12,-99.63,1.08025051,1458,1,1215,364.5,0,0,0,0,0,0,0,0,0,0,1215,12.3458409,0,0,0
5263,1215,127.350874,447.12,-99.63,1.07910468,1458,1,1215,364.5,0,0,0,0,0,0,0,0,0,0,1215,11.227065,0,0,0
5281,80.320001,-6.5832525,136.28,-29.72,1.07515217,321.28,1,267.73,80.32,0,0,0,0,0,0,0,0,0,0,267.73,0,0.65649876,0,0
5282,80.320001,-6.75460224,136.28,-29.72,1.07534134,321.28,1,267.73,80.32,0,0,0,0,0,0,0,0,0,0,267.73,0,0.65649876,0,0
5283,0,0,136.28,-29.72,1,321.28,0,267.73,80.32,0,0,0,0,0,0,0,0,0,0,267.73,0,0,0,0
5297,0,0,1.63,-0.36,1.04,3.84,0,3.2,0.96,0,0,0,0,0,0,0,0,0,0,3.2,0,0,0,0
5298,115,19.8444078,58.53,-12.76,1.06690059,138,1,115,34.5,0,0,0,0,0,0,0,0,0,0,115,2.3685716,0,0,0
5299,115,11.8908396,58.53,-12.76,1.06732459,138,1,115,34.5,0,0,0,0,0,0,0,0,0,0,115,2.36257078,0,0,0
5300,115,13.306954,58.53,-12.76,1.06717802,138,1,115,34.5,0,0,0,0,0,0,0,0,0,0,115,2.36457044,0,0,0
5301,82.6999997,6.66753289,42.09,-9.18,1.06690109,99.24,1,82.7,24.81,0,0,0,0,0,0,0,0,0,0,82.7,2.57949012,0,0,0
5302,431.803177,38.2338001,236.05,-51.48,1.06992803,556.5,1,463.75,139.13,0,0,0,0,0,0,0,0,0,0,463.75,0,0,0,0
5303,441.249514,38.9676564,236.05,-51.48,1.06890418,556.5,1,463.75,139.13,0,0,0,0,0,0,0,0,0,0,463.75,0,0,0,0
5319,78.8400014,24.066988,133.77,-29.17,1.07811742,315.36,1,262.8,78.84,0,0,0,0,0,0,0,0,0,0,262.8,0,0.490714867,0,0
5320,0,0,133.77,-29.17,1.01,315.36,0,262.8,78.84,0,0,0,0,0,0,0,0,0,0,262.8,0,0,0,0
5321,78.8400014,22.2411908,133.77,-29.17,1.07765146,315.36,1,262.8,78.84,0,0,0,0,0,0,0,0,0,0,262.8,0,0.491244939,0,0
5324,284.07,19.3573507,144.59,-31.53,1.06608923,340.88,1,284.07,85.22,0,0,0,0,0,0,0,0,0,0,284.07,2.7349891,0,0,0
5325,284.07,22.5125607,144.59,-31.53,1.06630112,340.88,1,284.07,85.22,0,0,0,0,0,0,0,0,0,0,284.07,2.74983194,0,0,0
5326,284.07,17.2260992,144.59,-31.53,1.06412957,340.88,1,284.07,85.22,0,0,0,0,0,0,0,0,0,0,284.07,2.75776184,0,0,0
5342,8.4,-0.139991885,3.2,-0.14,1.07296753,3.36,1,8.4,8.4,0,0,0,0,0,0,0,0,0,0,2.8,19.9607111,0,0,0.084587739
5343,207.5,-3.42999144,79.67,-3.43,1.06876942,84,1,207.5,207.5,0,0,0,0,0,0,0,0,0,0,70,19.9361221,0,0,0.0801541059
5360,302.400001,-98.3669763,469.73,-122.98,1.06101127,1209.6,1,1008,302.4,0,0,0,0,0,0,0,0,0,0,1008,0,0.551701535,0,0
5363,10.3999998,2.15939197,5.29,-1.15,1.06620199,12.48,1,10.4,3.12,0,0,0,0,0,0,0,0,0,0,10.4,3.39157641,0,0,0
5364,213.33,12.4674045,108.59,-23.68,1.06670345,256,1,213.33,64,0,0,0,0,0,0,0,0,0,0,213.33,2.0295416,0,0,0
5365,213.33,12.5720307,108.59,-23.68,1.06759829,256,1,213.33,64,0,0,0,0,0,0,0,0,0,0,213.33,2.02081096,0,0,0
5366,213.33,12.179278,108.59,-23.68,1.06786069,256,1,213.33,64,0,0,0,0,0,0,0,0,0,0,213.33,2.01209209,0,0,0
5367,213.33,12.638583,108.59,-23.68,1.06779372,256,1,213.33,64,0,0,0,0,0,0,0,0,0,0,213.33,2.01717666,0,0,0
5368,213.33,11.322141,108.59,-23.68,1.06706792,256,1,213.33,64,0,0,0,0,0,0,0,0,0,0,213.33,2.02371986,0,0,0
5369,213.33,12.4169725,108.59,-23.68,1.06800598,256,1,213.33,64,0,0,0,0,0,0,0,0,0,0,213.33,2.00991421,0,0,0
5382,209,-23.1999783,106.38,-23.2,1.06024389,250.8,1,209,62.7,0,0,0,0,0,0,0,0,0,0,209,3.13749566,0,0,0.0320451871
5383,209,-23.1999782,106.38,-23.2,1.05973108,250.8,1,209,62.7,0,0,0,0,0,0,0,0,0,0,209,3.13626876,0,0,0.0318196299
5399,124.2,-23.8499894,35.27,-23.85,1.07333591,198.72,1,124.2,124.2,0,0,0,0,0,0,0,0,0,0,165.6,18.7373659,0,0,0.0645230871
5403,89.3999998,38.8509688,45.5,-9.92,1.08365562,107.28,1,89.4,26.82,0,0,0,0,0,0,0,0,0,0,89.4,2.8797007,0,0,0
5404,89.3999998,39.4437755,45.5,-9.92,1.08049654,107.28,1,89.4,26.82,0,0,0,0,0,0,0,0,0,0,89.4,2.88000191,0,0,0
5405,89.3999998,35.6327428,45.5,-9.92,1.07988033,107.28,1,89.4,26.82,0,0,0,0,0,0,0,0,0,0,89.4,2.87909833,0,0,0
5406,89.3999998,44.7499418,45.5,-9.92,1.08486379,107.28,1,89.4,26.82,0,0,0,0,0,0,0,0,0,0,89.4,2.88090485,0,0,0
5415,122,-13.5399817,62.1,-13.54,1.06461263,146.4,1,122,36.6,0,0,0,0,0,0,0,0,0,0,122,2.4729566,0,0,0.0373878071
5416,122,-13.539982,62.1,-13.54,1.06444914,146.4,1,122,36.6,0,0,0,0,0,0,0,0,0,0,122,2.4767133,0,0,0.0379310009
5417,122,-13.5399823,62.1,-13.54,1.06496548,146.4,1,122,36.6,0,0,0,0,0,0,0,0,0,0,122,2.48054313,0,0,0.0385224313
5418,118.8,-13.1899814,60.47,-13.19,1.06560146,142.56,1,118.8,35.64,0,0,0,0,0,0,0,0,0,0,118.8,2.48838375,0,0,0.03663417
5419,118.8,-13.1899822,60.47,-13.19,1.06697779,142.56,1,118.8,35.64,0,0,0,0,0,0,0,0,0,0,118.8,2.49914976,0,0,0.0382689055
5423,12.3999998,-1.37999603,6.31,-1.38,1.0847267,14.88,1,12.4,3.72,0,0,0,0,0,0,0,0,0,0,12.4,4.0294499,0,0,0.172875607
5424,0,0,1.63,-0.36,1,3.84,0,3.2,0.96,0,0,0,0,0,0,0,0,0,0,3.2,0,0,0,0
5444,0,0,147.1,-32.08,1.01,346.8,0,289,86.7,0,0,0,0,0,0,0,0,0,0,289,0,0,0,0
5444,0,0,147.1,-32.08,1.01,346.8,0,289,86.7,0,0,0,0,0,0,0,0,0,0,289,0,0,0,0
5444,0,0,147.1,-32.08,1.01,346.8,0,289,86.7,0,0,0,0,0,0,0,0,0,0,289,0,0,0,0
5444,86.7000018,1.311922,147.1,-32.08,1.06505975,346.8,1,289,86.7,0,0,0,0,0,0,0,0,0,0,289,0,0.38231052,0,0
5444,86.7000018,1.311922,147.1,-32.08,1.06505975,346.8,1,289,86.7,0,0,0,0,0,0,0,0,0,0,289,0,0.38231052,0,0
5444,0,0,147.1,-32.08,1.01,346.8,0,289,86.7,0,0,0,0,0,0,0,0,0,0,289,0,0,0,0
5444,141.299996,8.95520638,71.92,-15.68,1.06505975,169.56,1,141.3,42.39,0,0,0,0,0,0,0,0,0,0,141.3,0.186289513,0,0,0
5444,141.299996,8.95520638,71.92,-15.68,1.06505975,169.56,1,141.3,42.39,0,0,0,0,0,0,0,0,0,0,141.3,0.186289513,0,0,0
6006,212.999999,18.3222548,108.42,-23.64,1.08434107,255.6,1,213,63.9,0,0,0,0,0,0,0,0,0,0,213,0.779168603,0,0,0
6007,0,0,216.83,-47.29,1.04,511.2,0,426,127.8,0,0,0,0,0,0,0,0,0,0,426,0,0,0,0
6008,198.329999,21.9338727,100.95,-22.01,1.08499339,238,1,198.33,59.5,0,0,0,0,0,0,0,0,0,0,198.33,0.88381787,0,0,0
6009,198.329999,17.9536005,100.95,-22.01,1.08574792,238,1,198.33,59.5,0,0,0,0,0,0,0,0,0,0,198.33,0.874916666,0,0,0
6010,198.329999,15.1915931,100.95,-22.01,1.08458909,238,1,198.33,59.5,0,0,0,0,0,0,0,0,0,0,198.33,0.87428135,0,0,0
6041,0,14.836135,20.48,-0.88,1.08135958,21.6,1,0,0,0,0,0,0,0,0,0,0,0,0,18,18.8708782,0,0,0
6042,0,14.1473079,122.91,-5.29,1.0826567,129.6,1,0,0,0,0,0,0,0,0,0,0,0,0,108,18.8708782,0,0,0
6048,0,0,1.73,-0.38,1.04,4.08,0,3.4,1.02,0,0,0,0,0,0,0,0,0,0,3.4,0,0,0,0
6049,0,0,4.89,-1.07,1.04,11.52,0,9.6,2.88,0,0,0,0,0,0,0,0,0,0,9.6,0,0,0,0
6050,0,0,2.24,-0.49,1.04,5.28,0,4.4,1.32,0,0,0,0,0,0,0,0,0,0,4.4,0,0,0,0
6051,57.3999998,-6.36984284,29.22,-6.37,1.08129352,68.88,1,57.4,17.22,0,0,0,0,0,0,0,0,0,0,57.4,3.03928364,0,0,0.00675759476
6052,0,0,29.22,-6.37,1.04,68.88,0,57.4,17.22,0,0,0,0,0,0,0,0,0,0,57.4,0,0,0,0
6053,57.3999998,-6.3698482,29.22,-6.37,1.08100371,68.88,1,57.4,17.22,0,0,0,0,0,0,0,0,0,0,57.4,3.04060034,0,0,0.00691094089
6054,57.3999998,-6.36980769,29.22,-6.37,1.07932134,68.88,1,57.4,17.22,0,0,0,0,0,0,0,0,0,0,57.4,3.03466559,0,0,0.00602161629
6069,181.369999,-6.77665761,92.32,-20.13,1.0816191,217.64,1,181.37,54.41,0,0,0,0,0,0,0,0,0,0,181.37,0.849911814,0,0,0
6070,181.369999,2.93081131,92.32,-20.13,1.0825969,217.64,1,181.37,54.41,0,0,0,0,0,0,0,0,0,0,181.37,0.837807051,0,0,0
6071,181.369999,-15.3012842,92.32,-20.13,1.08091908,217.64,1,181.37,54.41,0,0,0,0,0,0,0,0,0,0,181.37,0.855684282,0,0,0
6072,0,0,92.32,-20.13,1.03,217.64,0,181.37,54.41,0,0,0,0,0,0,0,0,0,0,181.37,0,0,0,0
6073,181.369999,-4.47537265,92.32,-20.13,1.08161448,217.64,1,181.37,54.41,0,0,0,0,0,0,0,0,0,0,181.37,0.848181118,0,0,0
6074,181.369999,-2.01742092,92.32,-20.13,1.08215815,217.64,1,181.37,54.41,0,0,0,0,0,0,0,0,0,0,181.37,0.84241561,0,0,0
6078,169.554749,-68.7298528,262.51,-68.73,1.06554111,676,1,563.33,169,0,0,0,0,0,0,0,0,0,0,563.33,0,0,0,0.00791415865
6079,170.453347,-68.7298558,262.51,-68.73,1.06958163,676,1,563.33,169,0,0,0,0,0,0,0,0,0,0,563.33,0,0,0,0.00951735916
6080,170.602906,-68.7298572,262.51,-68.73,1.06825732,676,1,563.33,169,0,0,0,0,0,0,0,0,0,0,563.33,0,0,0,0.00975144619
6082,41.37,-1.07998272,25.04,-1.08,1.07559008,26.4,1,41.37,41.37,0,0,0,0,0,0,0,0,0,0,22,18.5954408,0,0,0.0570568286
6083,65.3,-1.07997256,25.04,-1.08,1.06542607,26.4,1,65.3,65.3,0,0,0,0,0,0,0,0,0,0,22,18.551062,0,0,0.042704665
6085,1.05,0,0,0,1.06436057,1.68,1,1.05,1.05,0,0,0,0,0,0,0,0,0,0,1.4,19.1452079,0,0,0.0172299236
6086,22.5,0,0,0,1.06450759,36,1,22.5,22.5,0,0,0,0,0,0,0,0,0,0,30,19.10724,0,0,0.0154798016
6087,0,0,0,0,1.04,6.6,0,5.5,1.65,0,0,0,0,0,0,0,0,0,0,5.5,0,0,0,0
6088,7.95,0,0,0,1.0644573,12.72,1,7.95,7.95,0,0,0,0,0,0,0,0,0,0,10.6,19.1413084,0,0,0.0171949691
6089,10.42,0,0,0,1.06451216,16.68,1,10.42,10.42,0,0,0,0,0,0,0,0,0,0,13.9,19.1300875,0,0,0.0168006324
6090,30.52,0,0,0,1.0644942,48.84,1,30.52,30.52,0,0,0,0,0,0,0,0,0,0,40.7,19.1278711,0,0,0.0166833744
6104,60.4999995,-6.71990273,30.79,-6.72,1.07108919,72.6,1,60.5,18.15,0,0,0,0,0,0,0,0,0,0,60.5,1.3480863,0,0,0.013471594
6105,60.4999995,-6.71990061,30.79,-6.72,1.07005616,72.6,1,60.5,18.15,0,0,0,0,0,0,0,0,0,0,60.5,1.34713257,0,0,0.0133011542
6106,120.999999,-13.4298933,61.59,-13.43,1.07146269,145.2,1,121,36.3,0,0,0,0,0,0,0,0,0,0,121,0.932050616,0,0,0.0133613942
6110,356.733366,69.4189574,275.22,-72.05,1.08762204,708.72,1,590.6,177.18,0,0,0,0,0,0,0,0,0,0,590.6,0,0,0,0
6111,357.020072,73.4654786,308.26,-80.7,1.08793136,793.8,1,661.5,198.45,0,0,0,0,0,0,0,0,0,0,661.5,0,0,0,0
6144,0,0,4.28,-0.93,1.03,10.08,0,8.4,2.52,0,0,0,0,0,0,0,0,0,0,8.4,0,0,0,0
6145,445.999998,40.9394674,227.01,-49.51,1.0897821,535.2,1,446,133.8,0,0,0,0,0,0,0,0,0,0,446,0.356891899,0,0,0
6146,445.999998,41.1755301,227.01,-49.51,1.08962744,535.2,1,446,133.8,0,0,0,0,0,0,0,0,0,0,446,0.361115827,0,0,0
6147,279.6,24.4252494,474.39,-103.45,1.08761424,1118.4,1,932,279.6,0,0,0,0,0,0,0,0,0,0,932,0,1.47891963,0,0
6148,0,0,367.5,-80.14,1.03,866.4,0,722,216.6,0,0,0,0,0,0,0,0,0,0,722,0,0,0,0
6149,216.600002,74.4587066,367.5,-80.14,1.08770857,866.4,1,722,216.6,0,0,0,0,0,0,0,0,0,0,722,0,0.391939437,0,0
6164,235.049998,14.6174404,119.64,-26.09,1.08614404,282.06,1,235.05,70.52,0,0,0,0,0,0,0,0,0,0,235.05,0.391679899,0,0,0
6165,235.049998,13.0817674,119.64,-26.09,1.08625548,282.06,1,235.05,70.52,0,0,0,0,0,0,0,0,0,0,235.05,0.38279041,0,0,0
6166,235.049998,17.3501165,119.64,-26.09,1.08538078,282.06,1,235.05,70.52,0,0,0,0,0,0,0,0,0,0,235.05,0.399839831,0,0,0
6167,235.049998,14.3399181,119.64,-26.09,1.08592527,282.06,1,235.05,70.52,0,0,0,0,0,0,0,0,0,0,235.05,0.393162723,0,0,0
6213,177.9,-2.80870358,68.29,-2.94,1.08192788,72,1,177.9,177.9,0,0,0,0,0,0,0,0,0,0,60,18.7215255,0,0,0
6214,552.3,47.1345256,212.06,-9.13,1.08964881,223.6,1,552.3,552.3,0,0,0,0,0,0,0,0,0,0,186.33,18.681793,0,0,0
6215,552.3,-9.12933388,212.06,-9.13,1.0838163,223.6,1,552.3,552.3,0,0,0,0,0,0,0,0,0,0,186.33,18.7414072,0,0,0.00251378334
6216,552.3,-8.35090633,212.06,-9.13,1.08127928,223.6,1,552.3,552.3,0,0,0,0,0,0,0,0,0,0,186.33,18.7219514,0,0,0
6242,60.9999998,2.61206516,31.05,-6.77,1.08822506,73.2,1,61,18.3,0,0,0,0,0,0,0,0,0,0,61,2.80621919,0,0,0
6243,183,7.35726611,93.15,-20.31,1.0884153,219.6,1,183,54.9,0,0,0,0,0,0,0,0,0,0,183,2.00709169,0,0,0
6244,297.999999,14.1666031,151.68,-33.08,1.08905465,357.6,1,298,89.4,0,0,0,0,0,0,0,0,0,0,298,1.24943816,0,0,0
6245,297.999999,12.5307528,151.68,-33.08,1.08869858,357.6,1,298,89.4,0,0,0,0,0,0,0,0,0,0,298,1.25223982,0,0,0
6246,297.999999,9.4435328,151.68,-33.08,1.08793457,357.6,1,298,89.4,0,0,0,0,0,0,0,0,0,0,298,1.26158788,0,0,0
6247,183.33,5.6890675,93.32,-20.35,1.08778166,220,1,183.33,55,0,0,0,0,0,0,0,0,0,0,183.33,2.01016152,0,0,0
6248,183.33,7.47925139,93.32,-20.35,1.08829662,220,1,183.33,55,0,0,0,0,0,0,0,0,0,0,183.33,2.00785901,0,0,0
6249,183.33,8.16901625,93.32,-20.35,1.08902943,220,1,183.33,55,0,0,0,0,0,0,0,0,0,0,183.33,1.99176534,0,0,0
6257,193.999999,28.0547997,98.75,-21.53,1.08080685,232.8,1,194,58.2,0,0,0,0,0,0,0,0,0,0,194,0.945848026,0,0,0
6258,193.999999,14.3083264,98.75,-21.53,1.08067389,232.8,1,194,58.2,0,0,0,0,0,0,0,0,0,0,194,0.929523884,0,0,0
6259,0,0,26.16,-5.71,1.02,61.68,0,51.4,15.42,0,0,0,0,0,0,0,0,0,0,51.4,0,0,0,0
6260,256.999999,20.7619577,130.81,-28.53,1.07996978,308.4,1,257,77.1,0,0,0,0,0,0,0,0,0,0,257,0.505777739,0,0,0
6266,4.5,-0.0699986203,1.72,-0.07,1.07778505,1.8,1,4.5,4.5,0,0,0,0,0,0,0,0,0,0,1.5,18.3217337,0,0,0.4841679
6267,7.2,-0.119998622,2.73,-0.12,1.07773617,2.88,1,7.2,7.2,0,0,0,0,0,0,0,0,0,0,2.4,18.3120403,0,0,0.483649113
6268,4.5,-0.0699986199,1.72,-0.07,1.07790016,1.8,1,4.5,4.5,0,0,0,0,0,0,0,0,0,0,1.5,18.3175538,0,0,0.484077114
6269,7.2,-0.119998622,2.73,-0.12,1.07769824,2.88,1,7.2,7.2,0,0,0,0,0,0,0,0,0,0,2.4,18.3110905,0,0,0.483573059
6270,0,0,6.82,-0.29,1.04,7.2,0,18,0,0,0,0,0,0,0,0,0,0,0,6,0,0,0,0
6271,0,0,4.09,-0.18,1.04,4.32,0,11,0,0,0,0,0,0,0,0,0,0,0,3.6,0,0,0,0
6272,0,0,2.73,-0.12,1.04,2.88,0,7.2,0,0,0,0,0,0,0,0,0,0,0,2.4,0,0,0,0
6273,0,0,2.73,-0.12,1.04,2.88,0,7.2,0,0,0,0,0,0,0,0,0,0,0,2.4,0,0,0,0
6274,8.4,-0.139998626,3.2,-0.14,1.07736324,3.36,1,8.4,8.4,0,0,0,0,0,0,0,0,0,0,2.8,18.3280296,0,0,0.484442086
6295,206.229999,-22.8895426,104.97,-22.89,1.07697521,247.48,1,206.23,61.87,0,0,0,0,0,0,0,0,0,0,206.23,0.842853183,0,0,0.00145075822
6296,206.229999,-22.8896315,104.97,-22.89,1.07721218,247.48,1,206.23,61.87,0,0,0,0,0,0,0,0,0,0,206.23,0.845521714,0,0,0.00181038542
6297,206.229999,-22.5714706,104.97,-22.89,1.07412393,247.48,1,206.23,61.9,0,0,0,0,0,0,0,0,0,0,206.23,0.834820768,0,0,0
6301,0,0,1.63,-0.36,1,3.84,0,3.2,0.96,0,0,0,0,0,0,0,0,0,0,3.2,0,0,0,0
6302,247.249998,-17.1925709,125.85,-27.44,1.07828923,296.7,1,247.25,74.18,0,0,0,0,0,0,0,0,0,0,247.25,0.352958228,0,0,0
6303,247.249998,-27.4395965,125.85,-27.44,1.08044647,296.7,1,247.25,74.18,0,0,0,0,0,0,0,0,0,0,247.25,0.367919449,0,0,0.00164735877
6304,247.249998,-22.2841271,125.85,-27.44,1.07824914,296.7,1,247.25,74.18,0,0,0,0,0,0,0,0,0,0,247.25,0.355310139,0,0,0
6305,247.249998,-10.9387763,125.85,-27.44,1.07967783,296.7,1,247.25,74.18,0,0,0,0,0,0,0,0,0,0,247.25,0.346690852,0,0,0
6349,0,0,6.11,-1.33,1.04,14.4,0,12,3.6,0,0,0,0,0,0,0,0,0,0,12,0,0,0,0
6349,0,0,26.21,-5.72,1.04,61.8,0,51.5,15.45,0,0,0,0,0,0,0,0,0,0,51.5,0,0,0,0
6349,103,26.1056902,52.43,-11.43,1.08013013,123.6,1,103,30.9,0,0,0,0,0,0,0,0,0,0,103,1.61814693,0,0,0
6349,0,0,1.17,-0.26,1.04,2.76,0,2.3,0.69,0,0,0,0,0,0,0,0,0,0,2.3,0,0,0,0
6349,0,0,2.34,-0.51,1.04,5.52,0,4.6,1.38,0,0,0,0,0,0,0,0,0,0,4.6,0,0,0,0
6349,0,0,0.76,-0.17,1.04,1.8,0,1.5,0.45,0,0,0,0,0,0,0,0,0,0,1.5,0,0,0,0
6349,0,0,2.04,-0.44,1.04,4.8,0,4,1.2,0,0,0,0,0,0,0,0,0,0,4,0,0,0,0
6349,0,0,3.26,-0.71,1.04,7.68,0,6.4,1.92,0,0,0,0,0,0,0,0,0,0,6.4,0,0,0,0
6349,281.073458,117.054049,184.77,-40.29,1.08013013,435.6,1,363,108.9,0,0,0,0,0,0,0,0,0,0,363,0,0,0,0
6349,281.073458,117.054049,184.77,-40.29,1.08013013,435.6,1,363,108.9,0,0,0,0,0,0,0,0,0,0,363,0,0,0,0
6349,0,0,26.21,-5.72,1.04,61.8,0,51.5,15.45,0,0,0,0,0,0,0,0,0,0,51.5,0,0,0,0
7005,163,16.5517329,82.97,-18.09,1.08943783,195.6,1,163,48.9,0,0,0,0,0,0,0,0,0,0,163,1.94084824,0,0,0
7006,163,40.617302,82.97,-18.09,1.09092508,195.6,1,163,48.9,0,0,0,0,0,0,0,0,0,0,163,1.95522847,0,0,0
7007,163,17.9971255,82.97,-18.09,1.08924341,195.6,1,163,48.9,0,0,0,0,0,0,0,0,0,0,163,1.94431617,0,0,0
7008,163,15.0174755,82.97,-18.09,1.088927,195.6,1,163,48.9,0,0,0,0,0,0,0,0,0,0,163,1.93886747,0,0,0
7009,163,14.7767417,82.97,-18.09,1.08915728,195.6,1,163,48.9,0,0,0,0,0,0,0,0,0,0,163,1.93688736,0,0,0
7015,0,0,2.04,-0.44,1.04,4.8,0,4,1.2,0,0,0,0,0,0,0,0,0,0,4,0,0,0,0
7021,22.3999995,-2.48908814,11.4,-2.49,1.08346693,26.88,1,22.4,6.72,0,0,0,0,0,0,0,0,0,0,22.4,1.47778853,0,0,0.00127559288
7022,47.3999995,-5.24829635,24.13,-5.26,1.08187521,56.88,1,47.4,14.22,0,0,0,0,0,0,0,0,0,0,47.4,1.30132191,0,0,0
7023,47.3999995,-5.25759613,24.13,-5.26,1.08304778,56.88,1,47.4,14.22,0,0,0,0,0,0,0,0,0,0,47.4,1.30336786,0,0,0
7024,94.7999993,-10.5190219,48.25,-10.52,1.08358882,113.76,1,94.8,28.44,0,0,0,0,0,0,0,0,0,0,94.8,0.9821968,0,0,0.00118443082
7025,0,0,1.63,-0.36,1.04,3.84,0,3.2,0.96,0,0,0,0,0,0,0,0,0,0,3.2,0,0,0,0
7031,29.1,0,0,0,1.08289208,46.56,1,29.1,29.1,0,0,0,0,0,0,0,0,0,0,38.8,17.9846047,0,0,0.0410382902
7032,7.5,0,0,0,1.0832875,12,1,7.5,7.5,0,0,0,0,0,0,0,0,0,0,10,18.0031102,0,0,0.0423546632
7033,7.5,0,0,0,1.08321348,12,1,7.5,7.5,0,0,0,0,0,0,0,0,0,0,10,18.0060517,0,0,0.0424116083
7034,0,0,0,0,1.04,5.28,0,4.4,1.32,0,0,0,0,0,0,0,0,0,0,4.4,0,0,0,0
7045,188.449997,-20.9174001,95.92,-20.92,1.08049394,226.14,1,188.45,56.53,0,0,0,0,0,0,0,0,0,0,188.45,0.261725776,0,0,0
7046,188.449997,-20.9196348,95.92,-20.92,1.08267468,226.14,1,188.45,56.53,0,0,0,0,0,0,0,0,0,0,188.45,0.271010373,0,0,0.0018673558
7061,114.899999,11.6472129,58.48,-12.75,1.09085163,137.88,1,114.9,34.47,0,0,0,0,0,0,0,0,0,0,114.9,0.622353836,0,0,0
7062,114.899999,11.4118569,58.48,-12.75,1.09062965,137.88,1,114.9,34.47,0,0,0,0,0,0,0,0,0,0,114.9,0.622353836,0,0,0
7063,114.899999,9.55114311,58.48,-12.75,1.09045651,137.88,1,114.9,34.47,0,0,0,0,0,0,0,0,0,0,114.9,0.619227942,0,0,0
7064,114.899999,17.8071767,58.48,-12.75,1.09125125,137.88,1,114.9,34.47,0,0,0,0,0,0,0,0,0,0,114.9,0.626871904,0,0,0
7065,114.899999,10.8953184,58.48,-12.75,1.09037521,137.88,1,114.9,34.47,0,0,0,0,0,0,0,0,0,0,114.9,0.622006433,0,0,0
7066,114.899999,11.3546989,58.48,-12.75,1.09057642,137.88,1,114.9,34.47,0,0,0,0,0,0,0,0,0,0,114.9,0.622353836,0,0,0
7079,228.65,21.1005426,116.38,-25.38,1.09100642,274.38,1,228.65,68.59,0,0,0,0,0,0,0,0,0,0,228.65,1.46245119,0,0,0
7080,228.65,18.3645862,116.38,-25.38,1.09128931,274.38,1,228.65,68.59,0,0,0,0,0,0,0,0,0,0,228.65,1.4534878,0,0,0
7081,228.65,20.5272938,116.38,-25.38,1.09158634,274.38,1,228.65,68.59,0,0,0,0,0,0,0,0,0,0,228.65,1.45831257,0,0,0
7082,228.65,19.3344815,116.38,-25.38,1.09086738,274.38,1,228.65,68.59,0,0,0,0,0,0,0,0,0,0,228.65,1.45969179,0,0,0
7098,1354.3,265.934167,498.38,-111.05,1.09999999,1625.16,1,1354.3,406.29,0,0,0,0,0,0,0,0,0,0,1354.3,10.4551231,0,0,0
7099,1354.3,175.998856,498.38,-111.05,1.1,1625.16,1,1354.3,406.29,0,0,0,0,0,0,0,0,0,0,1354.3,10.1072806,0,0,0
7107,150,23.2406002,76.35,-16.65,1.08877896,180,1,150,45,0,0,0,0,0,0,0,0,0,0,150,2.01968808,0,0,0
7108,50.9999997,6.16809344,25.96,-5.66,1.08916024,61.2,1,51,15.3,0,0,0,0,0,0,0,0,0,0,51,2.64875444,0,0,0
7109,50.9999997,9.8118066,25.96,-5.66,1.08991394,61.2,1,51,15.3,0,0,0,0,0,0,0,0,0,0,51,2.65309166,0,0,0
7110,196,25.1341296,99.76,-21.76,1.09064538,235.2,1,196,58.8,0,0,0,0,0,0,0,0,0,0,196,1.72226258,0,0,0
7111,196,23.3866216,99.76,-21.76,1.09045233,235.2,1,196,58.8,0,0,0,0,0,0,0,0,0,0,196,1.72107262,0,0,0
7112,196,25.1431879,99.76,-21.76,1.08928244,235.2,1,196,58.8,0,0,0,0,0,0,0,0,0,0,196,1.72345278,0,0,0
7113,196,18.3896981,99.76,-21.76,1.09010925,235.2,1,196,58.8,0,0,0,0,0,0,0,0,0,0,196,1.71453205,0,0,0
7114,196,22.5179697,99.76,-21.76,1.08890289,235.2,1,196,58.8,0,0,0,0,0,0,0,0,0,0,196,1.72226258,0,0,0
7115,196,24.8897989,99.76,-21.76,1.08910559,235.2,1,196,58.8,0,0,0,0,0,0,0,0,0,0,196,1.72345278,0,0,0
7121,0,0,1.88,-0.41,1.04,4.44,0,3.7,1.11,0,0,0,0,0,0,0,0,0,0,3.7,0,0,0,0
7122,0,0,2.19,-0.48,1.04,5.16,0,4.3,1.29,0,0,0,0,0,0,0,0,0,0,4.3,0,0,0,0
7133,16.2999998,5.98732978,8.3,-1.81,1.08991768,19.56,1,16.3,4.89,0,0,0,0,0,0,0,0,0,0,16.3,2.86050247,0,0,0
7134,206.55,18.3522965,105.13,-22.93,1.0892842,247.86,1,206.55,61.97,0,0,0,0,0,0,0,0,0,0,206.55,1.63475077,0,0,0
7135,206.55,17.3501827,105.13,-22.93,1.08961184,247.86,1,206.55,61.97,0,0,0,0,0,0,0,0,0,0,206.55,1.63224844,0,0,0
7136,206.55,17.507617,105.13,-22.93,1.08982622,247.86,1,206.55,61.97,0,0,0,0,0,0,0,0,0,0,206.55,1.63162302,0,0,0
7137,206.55,13.2287462,105.13,-22.93,1.08947811,247.86,1,206.55,61.97,0,0,0,0,0,0,0,0,0,0,206.55,1.62037668,0,0,0
7138,380.699999,35.5279371,193.78,-42.26,1.08928543,456.84,1,380.7,114.21,0,0,0,0,0,0,0,0,0,0,380.7,0.523432364,0,0,0
7139,58.9999997,4.06954209,30.03,-6.55,1.08892581,70.8,1,59,17.7,0,0,0,0,0,0,0,0,0,0,59,2.57149426,0,0,0
7140,58.9999997,7.43635539,30.03,-6.55,1.08964606,70.8,1,59,17.7,0,0,0,0,0,0,0,0,0,0,59,2.58168153,0,0,0
7141,58.9999997,8.05179787,30.03,-6.55,1.08895616,70.8,1,59,17.7,0,0,0,0,0,0,0,0,0,0,59,2.58275489,0,0,0
7142,58.9999997,7.00105814,30.03,-6.55,1.08921564,70.8,1,59,17.7,0,0,0,0,0,0,0,0,0,0,59,2.58132379,0,0,0
7146,10.1999998,-1.12999944,5.19,-1.13,1.09805461,12.24,1,10.2,3.06,0,0,0,0,0,0,0,0,0,0,10.2,3.45510118,0,0,1.21893074
7162,110.6,33.3158673,56.3,-12.28,1.084265,132.72,1,110.6,33.18,0,0,0,0,0,0,0,0,0,0,110.6,2.51183185,0,0,0
7163,110.6,23.0859229,56.3,-12.28,1.08458582,132.72,1,110.6,33.18,0,0,0,0,0,0,0,0,0,0,110.6,2.5076927,0,0,0
7164,110.6,42.9071188,56.3,-12.28,1.08638086,132.72,1,110.6,33.18,0,0,0,0,0,0,0,0,0,0,110.6,2.51355733,0,0,0
7165,110.6,42.6925203,56.3,-12.28,1.0856715,132.72,1,110.6,33.18,0,0,0,0,0,0,0,0,0,0,110.6,2.51355733,0,0,0
7166,110.6,19.2395579,56.3,-12.28,1.08443324,132.72,1,110.6,33.18,0,0,0,0,0,0,0,0,0,0,110.6,2.5045902,0,0,0
7167,110.6,17.6332156,56.3,-12.28,1.08489412,132.72,1,110.6,33.2,0,0,0,0,0,0,0,0,0,0,110.6,2.50217823,0,0,0
7168,87.7199997,29.4203237,44.65,-9.74,1.0856348,105.26,1,87.72,26.32,0,0,0,0,0,0,0,0,0,0,87.72,2.65834127,0,0,0
7169,87.7199997,44.1720117,44.65,-9.74,1.08704292,105.26,1,87.72,26.3,0,0,0,0,0,0,0,0,0,0,87.72,2.66080409,0,0,0
7170,350.869999,56.6466313,178.59,-38.95,1.08549269,421.04,1,350.87,105.26,0,0,0,0,0,0,0,0,0,0,350.87,0.967376838,0,0,0
7189,6.89999978,3.50965179,3.51,-0.77,1.08580592,8.28,1,6.9,2.07,0,0,0,0,0,0,0,0,0,0,6.9,3.09302884,0,0.0020813572,0
7190,47.9999998,20.6559271,24.43,-5.33,1.09443963,57.6,1,48,14.4,0,0,0,0,0,0,0,0,0,0,48,2.82436147,0,0,0
7191,0,0,2.55,-0.55,1.03,6,0,5,1.5,0,0,0,0,0,0,0,0,0,0,5,0,0,0,0
7192,34.9999998,17.7155974,17.81,-3.88,1.09044735,42,1,35,10.5,0,0,0,0,0,0,0,0,0,0,35,2.90976815,0,0,0
7193,7.49999978,3.81967339,3.82,-0.83,1.08539005,9,1,7.5,2.25,0,0,0,0,0,0,0,0,0,0,7.5,3.08908639,0,0.00220987735,0
7194,230.95,51.8188294,117.55,-25.64,1.09152064,277.14,1,230.95,69.28,0,0,0,0,0,0,0,0,0,0,230.95,1.64905063,0,0,0
7195,230.95,38.9186532,117.55,-25.64,1.09062848,277.14,1,230.95,69.28,0,0,0,0,0,0,0,0,0,0,230.95,1.64266898,0,0,0
7196,230.95,73.4327403,117.55,-25.64,1.09082724,277.14,1,230.95,69.28,0,0,0,0,0,0,0,0,0,0,230.95,1.65401882,0,0,0
7197,230.95,114.931678,117.55,-25.64,1.09086372,277.14,1,230.95,69.28,0,0,0,0,0,0,0,0,0,0,230.95,1.6575699,0,0,0
7207,0,0,2.04,-0.44,1.04,4.8,0,4,1.2,0,0,0,0,0,0,0,0,0,0,4,0,0,0,0
7208,229.500001,8.10088326,389.39,-84.92,1.08846217,918,1,765,229.5,0,0,0,0,0,0,0,0,0,0,765,0,0.883877434,0,0
7209,229.500001,10.2599011,389.39,-84.92,1.08834168,918,1,765,229.5,0,0,0,0,0,0,0,0,0,0,765,0,0.879713897,0,0
7210,178.5,6.9900541,90.86,-19.81,1.08925921,214.2,1,178.5,53.55,0,0,0,0,0,0,0,0,0,0,178.5,1.77480488,0,0,0
7211,178.5,6.31056459,90.86,-19.81,1.08869128,214.2,1,178.5,53.55,0,0,0,0,0,0,0,0,0,0,178.5,1.78665386,0,0,0
7212,178.5,8.21065594,90.86,-19.81,1.08943514,214.2,1,178.5,53.55,0,0,0,0,0,0,0,0,0,0,178.5,1.77911088,0,0,0
7266,304.599999,47.9426685,155.04,-33.81,1.09008136,365.52,1,304.6,91.38,0,0,0,0,0,0,0,0,0,0,304.6,1.0054942,0,0,0
7267,90.6399997,11.0098078,46.14,-10.06,1.09099716,108.77,1,90.64,27.19,0,0,0,0,0,0,0,0,0,0,90.64,2.36446359,0,0,0
7268,90.6399997,28.2030394,46.14,-10.06,1.09026317,108.77,1,90.64,27.19,0,0,0,0,0,0,0,0,0,0,90.64,2.37792574,0,0,0
7269,90.6399997,17.1626747,46.14,-10.06,1.09267357,108.77,1,90.64,27.19,0,0,0,0,0,0,0,0,0,0,90.64,2.37297694,0,0,0
7270,181.28,32.0092622,92.27,-20.12,1.09020456,217.54,1,181.28,54.38,0,0,0,0,0,0,0,0,0,0,181.28,1.79469693,0,0,0
7280,0,0,13.08,-2.85,1.04,30.84,0,25.7,7.71,0,0,0,0,0,0,0,0,0,0,25.7,0,0,0,0
7281,0,0,7.64,-1.67,1.04,18,0,15,4.5,0,0,0,0,0,0,0,0,0,0,15,0,0,0,0
7284,0,0,0,0,1.04,9,0,7.5,2.25,0,0,0,0,0,0,0,0,0,0,7.5,0,0,0,0
7285,21.22,0,0,0,1.07963682,33.96,1,21.22,21.22,0,0,0,0,0,0,0,0,0,0,28.3,17.9394322,0,0,0.00146090265
7286,21.22,0,0,0,1.07982199,33.96,1,21.22,21.22,0,0,0,0,0,0,0,0,0,0,28.3,17.9128352,0,0,0.000273288082
7287,21.22,0,0,0,1.07958608,33.96,1,21.22,21.22,0,0,0,0,0,0,0,0,0,0,28.3,17.9269907,0,0,0.000912436733
7288,21.22,0,0,0,1.07978285,33.96,1,21.22,21.22,0,0,0,0,0,0,0,0,0,0,28.3,17.9179233,0,0,0.000553588007
7289,42.45,0,0,0,1.07976127,67.92,1,42.45,42.45,0,0,0,0,0,0,0,0,0,0,56.6,17.9281552,0,0,0.00108540673
7307,96.679999,43.4346241,49.21,-10.73,1.09799768,116.02,1,96.68,29,0,0,0,0,0,0,0,0,0,0,96.68,0.682653321,0,0,0
7308,96.679999,49.2095057,49.21,-10.73,1.09854634,116.02,1,96.68,29,0,0,0,0,0,0,0,0,0,0,96.68,0.686678979,0,0.00135695759,0
7309,0,0,49.21,-10.73,1.04,116.02,0,96.68,29,0,0,0,0,0,0,0,0,0,0,96.68,0,0,0,0
7310,96.679999,26.1735129,49.21,-10.73,1.09836871,116.02,1,96.68,29,0,0,0,0,0,0,0,0,0,0,96.68,0.674518629,0,0,0
7311,193.369966,80.561552,98.42,-21.46,1.09801505,232.04,1,193.37,58.01,0,0,0,0,0,0,0,0,0,0,193.37,0.0204007154,0,0,0
7323,124.48,4.43154772,63.36,-13.82,1.09342125,149.37,1,124.48,37.34,0,0,0,0,0,0,0,0,0,0,124.47,2.10173196,0,0,0
7324,124.48,5.61282402,63.36,-13.82,1.09376782,149.37,1,124.48,37.34,0,0,0,0,0,0,0,0,0,0,124.47,2.10322051,0,0,0
7325,124.48,5.75712822,63.36,-13.82,1.09378583,149.37,1,124.48,37.34,0,0,0,0,0,0,0,0,0,0,124.47,2.10396492,0,0,0
7326,124.48,5.35429527,63.36,-13.82,1.09318365,149.37,1,124.48,37.34,0,0,0,0,0,0,0,0,0,0,124.47,2.10880587,0,0,0
7329,101.899999,-3.28829331,51.87,-11.31,1.07866953,122.28,1,101.9,30.57,0,0,0,0,0,0,0,0,0,0,101.9,0.641219829,0,0,0
7334,0,0,2.19,-0.57,1.04,5.64,0,4.7,1.41,0,0,0,0,0,0,0,0,0,0,4.7,0,0,0,0
7335,136.050001,40.9765547,211.33,-55.33,1.08641192,544.2,1,453.5,136.05,0,0,0,0,0,0,0,0,0,0,453.5,0,1.15918069,0,0
7349,313.829999,52.8458953,159.74,-34.83,1.08849869,376.59,1,313.83,94.15,0,0,0,0,0,0,0,0,0,0,313.83,1.0699037,0,0,0
7350,313.829999,28.7486715,159.74,-34.83,1.08915132,376.59,1,313.83,94.15,0,0,0,0,0,0,0,0,0,0,313.83,1.05648027,0,0,0
7351,313.829999,27.3168447,159.74,-34.83,1.08980741,376.59,1,313.83,94.15,0,0,0,0,0,0,0,0,0,0,313.83,1.04786672,0,0,0
7352,313.829999,25.1399047,159.74,-34.83,1.08941021,376.59,1,313.83,94.15,0,0,0,0,0,0,0,0,0,0,313.83,1.04499828,0,0,0
7353,205.260002,24.5684,348.26,-75.95,1.08849292,821.04,1,684.2,205.26,0,0,0,0,0,0,0,0,0,0,684.2,0,0.341204152,0,0
7354,205.260002,66.6618258,348.26,-75.95,1.08979979,821.04,1,684.2,205.26,0,0,0,0,0,0,0,0,0,0,684.2,0,0.333042807,0,0
7355,205.260002,66.6853526,348.26,-75.95,1.08983649,821.04,1,684.2,205.26,0,0,0,0,0,0,0,0,0,0,684.2,0,0.333042807,0,0
7356,205.000002,34.2454182,348.26,-75.95,1.08773869,821.04,1,684.2,205,0,0,0,0,0,0,0,0,0,0,684.2,0,0.336281415,0,0
7357,16.2999998,5.92295356,8.3,-1.81,1.0879516,19.56,1,16.3,4.89,0,0,0,0,0,0,0,0,0,0,16.3,2.975354,0,0,0
7358,225.2,21.9978934,114.63,-25,1.08968388,270.24,1,225.2,67.56,0,0,0,0,0,0,0,0,0,0,225.2,1.62319274,0,0,0
7359,225.2,33.5245629,114.63,-25,1.08855355,270.24,1,225.2,67.56,0,0,0,0,0,0,0,0,0,0,225.2,1.63488852,0,0,0
7360,225.2,24.857498,114.63,-25,1.08909518,270.24,1,225.2,67.56,0,0,0,0,0,0,0,0,0,0,225.2,1.62938179,0,0,0
7361,102.7,17.0293513,52.27,-11.4,1.08950428,123.24,1,102.7,30.81,0,0,0,0,0,0,0,0,0,0,102.7,2.41867569,0,0,0
7369,107.27,6.73119866,54.6,-11.91,1.08602277,128.72,1,107.27,32.18,0,0,0,0,0,0,0,0,0,0,107.27,2.32574435,0,0,0
7370,107.27,6.93019571,54.6,-11.91,1.08646893,128.72,1,107.27,32.18,0,0,0,0,0,0,0,0,0,0,107.27,2.32181425,0,0,0
7371,107.27,7.17965204,54.6,-11.91,1.08617522,128.72,1,107.27,32.18,0,0,0,0,0,0,0,0,0,0,107.27,2.32705496,0,0,0
7372,107.27,6.94257346,54.6,-11.91,1.08601789,128.72,1,107.27,32.18,0,0,0,0,0,0,0,0,0,0,107.27,2.32705496,0,0,0
7373,107.27,20.0203872,54.6,-11.91,1.0861799,128.72,1,107.27,32.18,0,0,0,0,0,0,0,0,0,0,107.27,2.33984841,0,0,0
7374,107.27,7.20931266,54.6,-11.91,1.08575784,128.72,1,107.27,32.18,0,0,0,0,0,0,0,0,0,0,107.27,2.33000487,0,0,0
7375,183.66,11.9557799,93.48,-20.39,1.08673693,220.39,1,183.66,55.1,0,0,0,0,0,0,0,0,0,0,183.66,1.83009175,0,0,0
7376,183.66,12.5531716,93.48,-20.39,1.08661805,220.39,1,183.66,55.1,0,0,0,0,0,0,0,0,0,0,183.66,1.8356962,0,0,0
7377,183.66,11.5270076,93.48,-20.39,1.08602609,220.39,1,183.66,55.1,0,0,0,0,0,0,0,0,0,0,183.66,1.83793946,0,0,0
7378,183.66,12.0760704,93.48,-20.39,1.08647212,220.39,1,183.66,55.1,0,0,0,0,0,0,0,0,0,0,183.66,1.83513552,0,0,0
7379,183.66,12.3998145,93.48,-20.39,1.08636091,220.39,1,183.66,55.1,0,0,0,0,0,0,0,0,0,0,183.66,1.83793946,0,0,0
7389,513.952825,-1.45198223,276.29,-60.25,1.07841078,651.36,1,542.8,162.84,0,0,0,0,0,0,0,0,0,0,542.8,0,0,0,0
7400,71.9999997,13.5927254,36.65,-7.99,1.08345315,86.4,1,72,21.6,0,0,0,0,0,0,0,0,0,0,72,2.60585659,0,0,0
7400,71.9999997,13.5927254,36.65,-7.99,1.08345315,86.4,1,72,21.6,0,0,0,0,0,0,0,0,0,0,72,2.60585659,0,0,0
7400,71.9999997,13.5927254,36.65,-7.99,1.08345315,86.4,1,72,21.6,0,0,0,0,0,0,0,0,0,0,72,2.60585659,0,0,0
7400,71.9999997,13.5927254,36.65,-7.99,1.08345315,86.4,1,72,21.6,0,0,0,0,0,0,0,0,0,0,72,2.60585659,0,0,0
7400,144,24.6194086,73.3,-15.98,1.08345315,172.8,1,144,43.2,0,0,0,0,0,0,0,0,0,0,144,2.14585658,0,0,0
7400,446.399997,44.9791887,227.22,-49.55,1.08345315,535.68,1,446.4,133.92,0,0,0,0,0,0,0,0,0,0,446.4,0.215056581,0,0,0
7406,63.0999993,10.2646529,32.12,-7,1.08815083,75.72,1,63.1,18.93,0,0,0,0,0,0,0,0,0,0,63.1,1.01035001,0,0,0
7406,93.0000028,15.0914309,157.79,-34.41,1.08815083,372,1,310,93,0,0,0,0,0,0,0,0,0,0,310,0,0.244450018,0,0
7414,102.399999,52.119223,52.12,-11.37,1.08747399,122.88,1,102.4,30.72,0,0,0,0,0,0,0,0,0,0,102.4,0.882288579,0,0,0
7419,88.1999997,20.312948,44.89,-9.79,1.06779977,105.84,1,88.2,26.46,0,0,0,0,0,0,0,0,0,0,88.2,2.52433636,0,0,0
7419,88.1999997,20.312948,44.89,-9.79,1.06779977,105.84,1,88.2,26.46,0,0,0,0,0,0,0,0,0,0,88.2,2.52433636,0,0,0
7422,6.79999977,1.39241102,3.46,-0.75,1.09150895,8.16,1,6.8,2.04,0,0,0,0,0,0,0,0,0,0,6.8,2.92308175,0,0,0
7422,172.2,26.8106065,87.65,-19.11,1.09150895,206.64,1,172.2,51.66,0,0,0,0,0,0,0,0,0,0,172.2,1.86728161,0,0,0
7422,172.2,26.8106065,87.65,-19.11,1.09150895,206.64,1,172.2,51.66,0,0,0,0,0,0,0,0,0,0,172.2,1.86728161,0,0,0
7422,112.5,19.3340574,57.26,-12.49,1.09150895,135,1,112.5,33.75,0,0,0,0,0,0,0,0,0,0,112.5,2.24868162,0,0,0
7422,112.5,19.3340574,57.26,-12.49,1.09150895,135,1,112.5,33.75,0,0,0,0,0,0,0,0,0,0,112.5,2.24868162,0,0,0
7422,112.5,19.3340574,57.26,-12.49,1.09150895,135,1,112.5,33.75,0,0,0,0,0,0,0,0,0,0,112.5,2.24868162,0,0,0
7422,112.5,19.3340574,57.26,-12.49,1.09150895,135,1,112.5,33.75,0,0,0,0,0,0,0,0,0,0,112.5,2.24868162,0,0,0
7422,191.1,28.8221475,97.27,-21.21,1.09150895,229.32,1,191.1,57.33,0,0,0,0,0,0,0,0,0,0,191.1,1.74648161,0,0,0
7422,172.2,26.8106065,87.65,-19.11,1.09150895,206.64,1,172.2,51.66,0,0,0,0,0,0,0,0,0,0,172.2,1.86728161,0,0,0
7422,172.2,26.8106065,87.65,-19.11,1.09150895,206.64,1,172.2,51.66,0,0,0,0,0,0,0,0,0,0,172.2,1.86728161,0,0,0
7422,172.2,26.8106065,87.65,-19.11,1.09150895,206.64,1,172.2,51.66,0,0,0,0,0,0,0,0,0,0,172.2,1.86728161,0,0,0
7428,100.52,-1.96026757,51.16,-11.16,1.08568591,120.62,1,100.52,30.16,0,0,0,0,0,0,0,0,0,0,100.52,2.33659392,0,0,0
7428,130,-4.26153309,66.17,-14.43,1.08568591,156,1,130,39,0,0,0,0,0,0,0,0,0,0,130,2.14863392,0,0,0
7428,130,-4.26153309,66.17,-14.43,1.08568591,156,1,130,39,0,0,0,0,0,0,0,0,0,0,130,2.14863392,0,0,0
7428,100.52,-1.96026757,51.16,-11.16,1.08568591,120.62,1,100.52,30.16,0,0,0,0,0,0,0,0,0,0,100.52,2.33659392,0,0,0
7428,100.52,-1.96026757,51.16,-11.16,1.08568591,120.62,1,100.52,30.16,0,0,0,0,0,0,0,0,0,0,100.52,2.33659392,0,0,0
7428,100.52,-1.96026757,51.16,-11.16,1.08568591,120.62,1,100.52,30.16,0,0,0,0,0,0,0,0,0,0,100.52,2.33659392,0,0,0
7428,100.52,-1.96026757,51.16,-11.16,1.08568591,120.62,1,100.52,30.16,0,0,0,0,0,0,0,0,0,0,100.52,2.33659392,0,0,0
7428,100.52,-1.96026757,51.16,-11.16,1.08568591,120.62,1,100.52,30.16,0,0,0,0,0,0,0,0,0,0,100.52,2.33659392,0,0,0
7428,74.9999997,-0.190255586,38.17,-8.33,1.08568591,90,1,75,22.5,0,0,0,0,0,0,0,0,0,0,75,2.49963393,0,0,0
7428,0,0,41.23,-8.99,1.04,97.2,0,81,24.3,0,0,0,0,0,0,0,0,0,0,81,0,0,0,0
7428,11.6999998,1.55100364,5.96,-1.3,1.08568591,14.04,1,11.7,3.51,0,0,0,0,0,0,0,0,0,0,11.7,2.904234,0,0,0
8024,33,0,0,0,1.08532698,52.8,1,33,33,0,0,0,0,0,0,0,0,0,0,44,19.6924676,0,0,0.0788758552
8033,0,0,119.58,-26.08,1.04,281.91,0,234.93,70.48,0,0,0,0,0,0,0,0,0,0,234.93,0,0,0,0
8034,0,0,119.58,-26.08,1.04,281.91,0,234.93,70.48,0,0,0,0,0,0,0,0,0,0,234.93,0,0,0,0
8035,0,0,119.58,-26.08,1.04,281.91,0,234.93,70.48,0,0,0,0,0,0,0,0,0,0,234.93,0,0,0,0
8036,0,0,119.58,-26.08,1.04,281.91,0,234.93,70.48,0,0,0,0,0,0,0,0,0,0,234.93,0,0,0,0
8046,112.571099,-19.1699921,87.89,-19.17,1.06762438,207.2,1,172.67,51.8,0,0,0,0,0,0,0,0,0,0,172.67,0,0,0,0.0884233405
8047,0,0,87.89,-19.17,1.01,207.2,0,172.67,51.8,0,0,0,0,0,0,0,0,0,0,172.67,0,0,0,0
8048,109.209797,-19.1699919,87.89,-19.17,1.06538149,207.2,1,172.67,51.8,0,0,0,0,0,0,0,0,0,0,172.67,0,0,0,0.0856548315
8049,111.994817,-19.1699921,87.89,-19.17,1.06853397,207.2,1,172.67,51.8,0,0,0,0,0,0,0,0,0,0,172.67,0,0,0,0.0880176564
8050,0,0,87.89,-19.17,1.01,207.2,0,172.67,51.8,0,0,0,0,0,0,0,0,0,0,172.67,0,0,0,0
8051,0,0,87.89,-19.17,1.01,207.2,0,172.67,51.8,0,0,0,0,0,0,0,0,0,0,172.67,0,0,0,0
8060,0,0,276.52,-72.39,1,712.08,0,593.4,178.02,0,0,0,0,0,0,0,0,0,0,593.4,0,0,0,0
8061,0,0,276.52,-72.39,1,712.08,0,593.4,178.02,0,0,0,0,0,0,0,0,0,0,593.4,0,0,0,0
8070,0,0,431,-112.84,1,1109.88,0,924.9,277.47,0,0,0,0,0,0,0,0,0,0,924.9,0,0,0,0
8071,277.470002,-112.839989,431,-112.84,1.0602405,1109.88,1,924.9,277.47,0,0,0,0,0,0,0,0,0,0,924.9,0,0.306115487,0,0.0645752426
8077,234.9,-26.0611535,119.56,-26.07,1.06442504,281.88,1,234.9,70.47,0,0,0,0,0,0,0,0,0,0,234.9,2.66320063,0,0,0
8078,234.9,-17.9101024,119.56,-26.07,1.06588945,281.88,1,234.9,70.47,0,0,0,0,0,0,0,0,0,0,234.9,2.65283638,0,0,0
8079,234.9,-26.0340546,119.56,-26.07,1.06559801,281.88,1,234.9,70.47,0,0,0,0,0,0,0,0,0,0,234.9,2.65999465,0,0,0
8080,234.9,-25.8308036,119.56,-26.07,1.06493163,281.88,1,234.9,70.47,0,0,0,0,0,0,0,0,0,0,234.9,2.65839171,0,0,0
8087,0,0,418.33,-109.52,1.04,1077.24,0,897.7,269.31,0,0,0,0,0,0,0,0,0,0,897.7,0,0,0,0
8088,269.310001,-41.3906127,418.33,-109.52,1.07238702,1077.24,1,897.7,269.31,0,0,0,0,0,0,0,0,0,0,897.7,0,0.533971397,0,0
8099,85.5,0,0,0,1.07655297,136.8,1,85.5,85.5,0,0,0,0,0,0,0,0,0,0,114,19.5368959,0,0,0.122554679
8115,0,0,4.66,-1.22,1.04,12,0,10,3,0,0,0,0,0,0,0,0,0,0,10,0,0,0,0
8116,0,0,163.89,-42.91,1.04,422.04,0,351.7,105.51,0,0,0,0,0,0,0,0,0,0,351.7,0,0,0,0
8117,105.51,-42.9099962,163.89,-42.91,1.07317789,422.04,1,351.7,105.51,0,0,0,0,0,0,0,0,0,0,351.7,0,2.56223971,0,0.180332719
8129,475.09525,-73.6864254,307.56,-80.52,1.09005739,792,1,660,198,0,0,0,0,0,0,0,0,0,0,660,0,0,0,0
8130,468.544881,-3.28519482,307.56,-80.52,1.092715,792,1,660,198,0,0,0,0,0,0,0,0,0,0,660,0,0,0,0
8131,474.357037,-54.629654,307.56,-80.52,1.09019596,792,1,660,198,0,0,0,0,0,0,0,0,0,0,660,0,0,0,0
8147,0,0,1.86,-0.49,1.03,4.8,0,4,1.2,0,0,0,0,0,0,0,0,0,0,4,0,0,0,0
8147,0,0,111.51,-29.19,1.03,287.16,0,239.3,71.79,0,0,0,0,0,0,0,0,0,0,239.3,0,0,0,0
8152,0,0,11.2,-2.44,1,26.4,0,22,6.6,0,0,0,0,0,0,0,0,0,0,22,0,0,0,0
8155,0,0,81.36,-21.3,1,209.52,0,174.6,52.38,0,0,0,0,0,0,0,0,0,0,174.6,0,0,0,0
8155,143.749627,-20.9964558,81.36,-21.3,1.07369108,209.52,1,174.6,52.38,0,0,0,0,0,0,0,0,0,0,174.6,0,0,0,0
8158,0,0,53.44,-11.65,1,126,0,105,31.5,0,0,0,0,0,0,0,0,0,0,105,0,0,0,0
8158,0,0,49.98,-10.9,1,117.84,0,98.2,29.46,0,0,0,0,0,0,0,0,0,0,98.2,0,0,0,0
